Y3Vyc29yOi0tLTU1OTU4NF9fMTU5NjE0MjM0NTE0Nw==,559584,Enviado al Cliente,9905,3000682408,387171,Entregado Parcial,530334,Entregado al Cliente,'WEPH00000000137069
Y3Vyc29yOi0tLTU1OTUyMF9fMTU5NjE0MTkxMDY1Mw==,559520,Enviado al Cliente,9905,1000682289,387149,Fulfilment en Proceso,542031,Enviado al Cliente,'WEPH00000000138024
Y3Vyc29yOi0tLTU0OTUxNl9fMTU5NjA4MDU3MjA0Mg==,549516,Enviado al Cliente,9905,3000678195,384918,Fulfilment en Proceso,525860,Enviado al Cliente,'WEPH00000000136807
Y3Vyc29yOi0tLTU0OTI5NF9fMTU5NjA3ODQyMTg4Mg==,549294,Enviado al Cliente,9900,1000677942,384751,Fulfilment en Proceso,636208,Enviado al Cliente,'40181797.1597525213
Y3Vyc29yOi0tLTUzNTA4OV9fMTU5NTkwNDEyMzcwOA==,535089,Enviado al Cliente,9900,3000660889,375330,Fulfilment con Cancelacion,602175,Enviado al Cliente,'39419987.1597072802
Y3Vyc29yOi0tLTUzMzM0Ml9fMTU5NTg4OTY1ODg1Mg==,533342,Enviado al Cliente,9900,1000658807,374242,Fulfilment en Proceso,575402,Enviado al Cliente,'39419987.1596740406
Y3Vyc29yOi0tLTUzMTY1MV9fMTU5NTg3NTA3NTQyOA==,531651,Enviado al Cliente,9905,2000656704,373141,Fulfilment en Proceso,511664,Enviado al Cliente,'WEPH00000000135762
Y3Vyc29yOi0tLTUyOTcyN19fMTU5NTg0NDIzNzIxMg==,529727,Enviado al Cliente,9900,3000654329,371965,Fulfilment en Proceso,687932,Enviado al Cliente,'41015040.1598395213
Y3Vyc29yOi0tLTUyOTM2MV9fMTU5NTgyNjQ0MzY0MQ==,529361,Enviado al Cliente,9905,1000653873,371701,Fulfilment en Proceso,507426,Enviado al Cliente,'WEPH00000000135348
Y3Vyc29yOi0tLTUyOTM2MV9fMTU5NTgyNjQ0MzY0MQ==,529361,Enviado al Cliente,9905,1000653873,371701,Fulfilment en Proceso,507422,Enviado al Cliente,'WEPH00000000135348
Y3Vyc29yOi0tLTUyOTM2MV9fMTU5NTgyNjQ0MzY0MQ==,529361,Enviado al Cliente,9905,1000653873,371701,Fulfilment en Proceso,507422,Enviado al Cliente,'WEPH00000000135348
Y3Vyc29yOi0tLTUyOTM2MV9fMTU5NTgyNjQ0MzY0MQ==,529361,Enviado al Cliente,9905,1000653873,371701,Fulfilment en Proceso,507421,Enviado al Cliente,'
Y3Vyc29yOi0tLTUyNzMxN19fMTU5NTgwNjc4NTkwNw==,527317,Enviado al Cliente,9900,3000650861,370118,Solicitud de Devolución Iniciada,771736,Entregado al Cliente,'38104899.1600351810
Y3Vyc29yOi0tLTUyNTg3MV9fMTU5NTc5NjIxNjc5OA==,525871,Enviado al Cliente,9905,3000649265,369249,Fulfilment con Cancelacion,503721,Entregado al Cliente,'WEPH00000000135105
Y3Vyc29yOi0tLTUyNTY3MF9fMTU5NTc5NDQ4NzY3MA==,525670,Enviado al Cliente,9905,2000648996,369116,Entregado Parcial,506038,Entregado al Cliente,'WEPH00000000135245
Y3Vyc29yOi0tLTUyNTQyMF9fMTU5NTc5MjE1Mjg0OQ==,525420,Enviado al Cliente,9905,1000648623,368934,Solicitud de Devolución Iniciada,502837,Entregado al Cliente,'WEPH00000000135049
Y3Vyc29yOi0tLTUyNTQyMF9fMTU5NTc5MjE1Mjg0OQ==,525420,Enviado al Cliente,9905,1000648623,368934,Solicitud de Devolución Iniciada,502837,Entregado al Cliente,'WEPH00000000135049
Y3Vyc29yOi0tLTUyNTQyMF9fMTU5NTc5MjE1Mjg0OQ==,525420,Enviado al Cliente,9905,1000648623,368934,Solicitud de Devolución Iniciada,502836,Entregado al Cliente,'
Y3Vyc29yOi0tLTUyNTE1OF9fMTU5NTc5MDA2NzgzMg==,525158,Enviado al Cliente,9905,1000648194,368741,Solicitud de Devolución Iniciada,500182,Entregado al Cliente,'WEPH00000000134803
Y3Vyc29yOi0tLTUxODM4M19fMTU5NTcyODQxODQwNA==,518383,Enviado al Cliente,9905,300536024,298574,Fulfilment en Proceso,567612,Enviado al Cliente,'WEPH00000000139722
Y3Vyc29yOi0tLTUxODM4M19fMTU5NTcyODQxODQwNA==,518383,Enviado al Cliente,9905,300536024,298574,Fulfilment en Proceso,567612,Enviado al Cliente,'WEPH00000000139722
Y3Vyc29yOi0tLTUxODM4M19fMTU5NTcyODQxODQwNA==,518383,Enviado al Cliente,9905,300536024,298574,Fulfilment en Proceso,567611,Enviado al Cliente,'
Y3Vyc29yOi0tLTUxNzUwMV9fMTU5NTcyMTU2ODU5Ng==,517501,Enviado al Cliente,9905,1000642557,365618,Fulfilment en Proceso,504732,Enviado al Cliente,'WEPH00000000135200
Y3Vyc29yOi0tLTUxNDU5N19fMTU5NTY5OTEwNTc1MA==,514597,Enviado al Cliente,9905,1000638938,363727,Fulfilment en Proceso,491020,Enviado al Cliente,'WEPH00000000134391
Y3Vyc29yOi0tLTUxMDU1NV9fMTU5NTYzODMzMDU3MQ==,510555,Enviado al Cliente,9900,1000633502,360746,Entregado Parcial,634605,Enviado al Cliente,'40615829.1597507803
Y3Vyc29yOi0tLTUwNzE5NF9fMTU5NTYxNTQzNjEwNQ==,507194,Enviado al Cliente,9905,3000629262,358441,Fulfilment en Proceso,489228,CREATED,'WEPH00000000134245
Y3Vyc29yOi0tLTUwNzE5NF9fMTU5NTYxNTQzNjEwNQ==,507194,Enviado al Cliente,9905,3000629262,358441,Fulfilment en Proceso,489228,CREATED,'WEPH00000000134245
Y3Vyc29yOi0tLTUwNzE5NF9fMTU5NTYxNTQzNjEwNQ==,507194,Enviado al Cliente,9905,3000629262,358441,Fulfilment en Proceso,489227,Enviado al Cliente,'
Y3Vyc29yOi0tLTUwNzE5NF9fMTU5NTYxNTQzNjEwNQ==,507194,Enviado al Cliente,9905,3000629262,358441,Fulfilment en Proceso,489226,Enviado al Cliente,'WEPH00000000134245
Y3Vyc29yOi0tLTUwNjAxMF9fMTU5NTYwNzgwNTE3MQ==,506010,Enviado al Cliente,9905,1000627823,357678,Fulfilment con Cancelacion,491913,Enviado al Cliente,'WEPH00000000134420
Y3Vyc29yOi0tLTUwNTgzOV9fMTU5NTYwNjc5OTMzMQ==,505839,Enviado al Cliente,9905,300389858,203657,Fulfilment en Proceso,483258,Enviado al Cliente,'WEPH00000000133746
Y3Vyc29yOi0tLTUwMDU4N19fMTU5NTU0ODcxMjM2NA==,500587,Enviado al Cliente,9900,3000623035,355127,Fulfilment en Proceso,506842,Enviado al Cliente,'40296109.1595889524
Y3Vyc29yOi0tLTQ5OTYwMl9fMTU5NTU0MDY1ODg1MA==,499602,Enviado al Cliente,9905,1000621971,354519,Fulfilment en Proceso,478974,Enviado al Cliente,'WEPH00000000133396
Y3Vyc29yOi0tLTQ5OTE2MV9fMTU5NTUzNTgxMzU3Nw==,499161,Enviado al Cliente,9905,3000621437,354219,Fulfilment en Proceso,492555,Enviado al Cliente,'WEPH00000000134489
Y3Vyc29yOi0tLTQ5ODU2OV9fMTU5NTUyOTk2NDcyNg==,498569,Enviado al Cliente,9900,1000620752,353864,Fulfilment en Proceso,493059,Enviado al Cliente,'40343961.1595719104
Y3Vyc29yOi0tLTQ5NTQ4Ml9fMTU5NTQ3MjA3NDg1Mg==,495482,Enviado al Cliente,9905,3000617447,352031,Cancelado,472546,Enviado al Cliente,'WEPH00000000132944
Y3Vyc29yOi0tLTQ5NTQxN19fMTU5NTQ3MTIzNDk0MA==,495417,Enviado al Cliente,9900,3000617275,351978,Fulfilment en Proceso,611322,Enviado al Cliente,'40894525.1597183818
Y3Vyc29yOi0tLTQ5MzU1OF9fMTU5NTQ1MzkzMzYxNg==,493558,Enviado al Cliente,9905,3000615183,350850,Solicitud de Devolución Iniciada,471691,Entregado al Cliente,'WEPH00000000133049
Y3Vyc29yOi0tLTQ4OTI4N19fMTU5NTM4NTM0ODEwNA==,489287,Enviado al Cliente,9905,3000610267,347951,Entregado Parcial,461427,Entregado al Cliente,'WEPH00000000132361
Y3Vyc29yOi0tLTQ4NjU0Nl9fMTU5NTM2NTgzMzg2NA==,486546,Enviado al Cliente,9905,3000607681,346154,Entregado Parcial,461795,Entregado al Cliente,'WEPH00000000132415
Y3Vyc29yOi0tLTQ4NDI1OV9fMTU5NTM0NzI2MDc3NA==,484259,Enviado al Cliente,9900,1000605297,344515,Fulfilment en Proceso,482379,Enviado al Cliente,'30928977.1595615521
Y3Vyc29yOi0tLTQ4Mzk4NV9fMTU5NTM0NDU2OTc3Mg==,483985,Enviado al Cliente,9900,1000604928,344324,Solicitud de Devolución Iniciada,482383,Enviado al Cliente,'18885663.1595615547
Y3Vyc29yOi0tLTQ4MzEwNF9fMTU5NTMwNzUyNzcyOA==,483104,Enviado al Cliente,9905,3000604021,343721,Entregado Parcial,457171,Entregado al Cliente,'WEPH00000000132081
Y3Vyc29yOi0tLTQ4MTY0MV9fMTU5NTI5MDMyMzM0Mg==,481641,Enviado al Cliente,9905,3000602182,342494,Fulfilment en Proceso,458295,Enviado al Cliente,'WEPH00000000132149
Y3Vyc29yOi0tLTQ4MTY0MV9fMTU5NTI5MDMyMzM0Mg==,481641,Enviado al Cliente,9905,3000602182,342494,Fulfilment en Proceso,458295,Enviado al Cliente,'WEPH00000000132149
Y3Vyc29yOi0tLTQ4MTY0MV9fMTU5NTI5MDMyMzM0Mg==,481641,Enviado al Cliente,9905,3000602182,342494,Fulfilment en Proceso,458294,Enviado al Cliente,'
Y3Vyc29yOi0tLTQ3ODg5Ml9fMTU5NTI2NTc2NzAzMQ==,478892,Enviado al Cliente,9905,3000599225,340535,Cancelado,451620,Enviado al Cliente,'WEPH00000000131637
Y3Vyc29yOi0tLTQ3NzI0MF9fMTU5NTI2MjExMTU0Nw==,477240,Enviado al Cliente,9905,300430291,230772,Entregado Parcial,453965,Entregado al Cliente,'WEPH00000000131753
Y3Vyc29yOi0tLTQ3NzIzOV9fMTU5NTI2MjExMDIzNw==,477239,Enviado al Cliente,9905,300430291,230772,Entregado Parcial,453798,Entregado al Cliente,'WEPH00000000131851
Y3Vyc29yOi0tLTQ3NzIzN19fMTU5NTI2MjEwNzk2MA==,477237,Enviado al Cliente,9905,300430291,230772,Entregado Parcial,454155,Entregado al Cliente,'WEPH00000000131872
Y3Vyc29yOi0tLTQ3NzA0Ml9fMTU5NTI2MTg4OTMwOA==,477042,Enviado al Cliente,9905,300395260,207285,Solicitud de Devolución Iniciada,451738,Entregado al Cliente,'WEPH00000000131665
Y3Vyc29yOi0tLTQ3MzIzMl9fMTU5NTIxMTIzMTczNQ==,473232,Enviado al Cliente,9905,100596857,338857,Cancelado,451653,Enviado al Cliente,'WEPH00000000131609
Y3Vyc29yOi0tLTQ3MDc5OV9fMTU5NTE4OTk2Nzk3Mw==,470799,Enviado al Cliente,9905,300594649,337289,Cancelado,450720,Enviado al Cliente,'WEPH00000000131527
Y3Vyc29yOi0tLTQ3MDEyN19fMTU5NTE4MzM3OTM5Mg==,470127,Enviado al Cliente,9900,300593933,336830,Fulfilment en Proceso,503305,Enviado al Cliente,'40348882.1595874032
Y3Vyc29yOi0tLTQ2ODUwM19fMTU5NTE0MTYxNjEyOQ==,468503,Enviado al Cliente,9905,300592289,335748,Fulfilment en Proceso,448913,Enviado al Cliente,'WEPH00000000131260
Y3Vyc29yOi0tLTQ2ODAzN19fMTU5NTEzMzI4NjgxNw==,468037,Enviado al Cliente,9900,300591806,335425,Fulfilment en Proceso,610913,Enviado al Cliente,'37256892.1597176604
Y3Vyc29yOi0tLTQ2MTk1OF9fMTU5NTA5MjI1MDQwNg==,461958,Enviado al Cliente,9905,300587196,332211,Solicitud de Devolución Iniciada,441581,Entregado al Cliente,'WEPH00000000130633
Y3Vyc29yOi0tLTQ2MTU0NV9fMTU5NTA4OTQ0MzM5Ng==,461545,Enviado al Cliente,9905,200586828,331994,Fulfilment en Proceso,443638,Enviado al Cliente,'WEPH00000000130867
Y3Vyc29yOi0tLTQ2MTQ2Nl9fMTU5NTA4ODk1NTI1Ng==,461466,Enviado al Cliente,9905,300586888,331957,Fulfilment en Proceso,461907,Enviado al Cliente,'WEPH00000000132408
Y3Vyc29yOi0tLTQ1OTI3OV9fMTU5NTA0MTkyOTg1MA==,459279,Enviado al Cliente,9905,300584728,330557,Entregado Parcial,445753,CREATED,'WEPH00000000130969
Y3Vyc29yOi0tLTQ1OTI3OV9fMTU5NTA0MTkyOTg1MA==,459279,Enviado al Cliente,9905,300584728,330557,Entregado Parcial,445746,Entregado al Cliente,'WEPH00000000130969
Y3Vyc29yOi0tLTQ1Nzk3Ml9fMTU5NTAzMDAwMTU2NA==,457972,Enviado al Cliente,9905,100583441,329594,Fulfilment con Cancelacion,480749,Confirmacion de Surtido CECOM,'WEPH00000000131040
Y3Vyc29yOi0tLTQ1NzcwOV9fMTU5NTAyNzkzMjg5NA==,457709,Enviado al Cliente,9905,300583171,329423,Cancelado,436494,Enviado al Cliente,'WEPH00000000130193
Y3Vyc29yOi0tLTQ1NjEwMV9fMTU5NTAxNjQ0ODcwNQ==,456101,Enviado al Cliente,9900,300581776,328481,Entregado HD,474925,Enviado al Cliente,'39415956.1595530967
Y3Vyc29yOi0tLTQ0OTgwMl9fMTU5NDkzNTk2OTAyNw==,449802,Enviado al Cliente,9905,300576325,324873,Fulfilment en Proceso,436370,Enviado al Cliente,'WEPH00000000130139
Y3Vyc29yOi0tLTQ0OTA5OF9fMTU5NDkyODc4NTk4Ng==,449098,Enviado al Cliente,9905,100575611,324437,Entregado Parcial,436078,CREATED,'WEPH00000000130131
Y3Vyc29yOi0tLTQ0OTA5OF9fMTU5NDkyODc4NTk4Ng==,449098,Enviado al Cliente,9905,100575611,324437,Entregado Parcial,436076,Entregado al Cliente,'WEPH00000000130131
Y3Vyc29yOi0tLTQ0NTU4M19fMTU5NDg2OTUwMDUzOA==,445583,Enviado al Cliente,9905,100572659,322449,Fulfilment en Proceso,428863,Enviado al Cliente,'WEPH00000000129441
Y3Vyc29yOi0tLTQ0NDk2M19fMTU5NDg2Mjc4ODg4NA==,444963,Enviado al Cliente,9905,100571833,322034,Entregado Parcial,428062,Entregado al Cliente,'WEPH00000000129291
Y3Vyc29yOi0tLTQ0MzA2NV9fMTU5NDg0NzQ5MzIxOA==,443065,Enviado al Cliente,9905,100570023,320785,Fulfilment en Proceso,436070,CREATED,'WEPH00000000130127
Y3Vyc29yOi0tLTQ0MzA2NV9fMTU5NDg0NzQ5MzIxOA==,443065,Enviado al Cliente,9905,100570023,320785,Fulfilment en Proceso,436069,CREATED,'WEPH00000000130127
Y3Vyc29yOi0tLTQ0MzA2NV9fMTU5NDg0NzQ5MzIxOA==,443065,Enviado al Cliente,9905,100570023,320785,Fulfilment en Proceso,436066,Entregado al Cliente,'WEPH00000000130127
Y3Vyc29yOi0tLTQ0MzA2NV9fMTU5NDg0NzQ5MzIxOA==,443065,Enviado al Cliente,9905,100570023,320785,Fulfilment en Proceso,436065,Entregado al Cliente,'WEPH00000000130127
Y3Vyc29yOi0tLTQ0MDc5MV9fMTU5NDgyNzQwMDEwMw==,440791,Enviado al Cliente,9905,100567764,319387,Fulfilment en Proceso,575050,CREATED,'WEPH00000000140216
Y3Vyc29yOi0tLTQ0MDc5MV9fMTU5NDgyNzQwMDEwMw==,440791,Enviado al Cliente,9905,100567764,319387,Fulfilment en Proceso,575044,CREATED,'WEPH00000000140216
Y3Vyc29yOi0tLTQ0MDc5MV9fMTU5NDgyNzQwMDEwMw==,440791,Enviado al Cliente,9905,100567764,319387,Fulfilment en Proceso,575041,Enviado al Cliente,'WEPH00000000140216
Y3Vyc29yOi0tLTQ0MDc5MV9fMTU5NDgyNzQwMDEwMw==,440791,Enviado al Cliente,9905,100567764,319387,Fulfilment en Proceso,560534,Enviado al Cliente,'WEPH00000000139225
Y3Vyc29yOi0tLTQ0MDIzNl9fMTU5NDc5NzE0NjU0Mg==,440236,Enviado al Cliente,9905,300567113,319008,Fulfilment en Proceso,434130,Enviado al Cliente,'WEPH00000000129882
Y3Vyc29yOi0tLTQ0MDA2NV9fMTU5NDc5MTgwNDE1Ng==,440065,Enviado al Cliente,9905,300566814,318888,Fulfilment en Proceso,561654,CREATED,'WEPH00000000139279
Y3Vyc29yOi0tLTQ0MDA2NV9fMTU5NDc5MTgwNDE1Ng==,440065,Enviado al Cliente,9905,300566814,318888,Fulfilment en Proceso,561649,Enviado al Cliente,'WEPH00000000139279
Y3Vyc29yOi0tLTQzODM2Nl9fMTU5NDc3NjY2ODU1MQ==,438366,Enviado al Cliente,9905,100564980,317637,Entregado Parcial,433494,Entregado al Cliente,'WEPH00000000129843
Y3Vyc29yOi0tLTQzNzYwMF9fMTU5NDc3MDc0MTcwNQ==,437600,Enviado al Cliente,9905,100564252,317141,Fulfilment en Proceso,452249,Enviado al Cliente,'WEPH00000000131715
Y3Vyc29yOi0tLTQzNzM5NV9fMTU5NDc2OTQ0OTE1MQ==,437395,Enviado al Cliente,9905,100564058,317023,Fulfilment en Proceso,428979,Enviado al Cliente,'WEPH00000000129466
Y3Vyc29yOi0tLTQzMzk5Ml9fMTU5NDc0NTg2MTg1MA==,433992,Enviado al Cliente,9905,100560980,314813,Entregado Parcial,424436,Entregado al Cliente,'WEPH00000000128970
Y3Vyc29yOi0tLTQzMzc2OV9fMTU5NDc0NDQ5NDA3Ng==,433769,Enviado al Cliente,9905,100560790,314685,Fulfilment en Proceso,421537,Enviado al Cliente,'WEPH00000000128749
Y3Vyc29yOi0tLTQzMjQ5N19fMTU5NDcwODI2NTE3NA==,432497,Enviado al Cliente,9905,100559475,313865,Solicitud de Devolución Iniciada,430120,Entregado al Cliente,'WEPH00000000129498
Y3Vyc29yOi0tLTQzMTA1Ml9fMTU5NDY5MDE3MDM2MA==,431052,Enviado al Cliente,9905,100557880,312806,Entregado Parcial,413647,CREATED,'WEPH00000000128221
Y3Vyc29yOi0tLTQzMTA1Ml9fMTU5NDY5MDE3MDM2MA==,431052,Enviado al Cliente,9905,100557880,312806,Entregado Parcial,413641,Entregado al Cliente,'WEPH00000000128221
Y3Vyc29yOi0tLTQyNzkxNF9fMTU5NDY2MDM0MDU0OA==,427914,Enviado al Cliente,9900,300554673,310803,Solicitud de Devolución Iniciada,425379,Entregado al Cliente,'40014643.1594927606
Y3Vyc29yOi0tLTQyNTY3Ml9fMTU5NDYxMjM0NjMzOA==,425672,Enviado al Cliente,9905,100552108,309292,Solicitud de Devolución Iniciada,408915,Entregado al Cliente,'WEPH00000000127764
Y3Vyc29yOi0tLTQyNTY3Ml9fMTU5NDYxMjM0NjMzOA==,425672,Enviado al Cliente,9905,100552108,309292,Solicitud de Devolución Iniciada,408913,Entregado al Cliente,'WEPH00000000127764
Y3Vyc29yOi0tLTQyNDI5NF9fMTU5NDYwMzcxMzU2OA==,424294,Enviado al Cliente,9905,100550726,308311,Solicitud de Devolución Iniciada,404910,Entregado al Cliente,'WEPH00000000127198
Y3Vyc29yOi0tLTQyNDE2MV9fMTU5NDYwMjk3OTA0NQ==,424161,Enviado al Cliente,9905,300550588,308224,Fulfilment en Proceso,417559,Enviado al Cliente,'WEPH00000000128521
Y3Vyc29yOi0tLTQyNDE2MV9fMTU5NDYwMjk3OTA0NQ==,424161,Enviado al Cliente,9905,300550588,308224,Fulfilment en Proceso,417557,Enviado al Cliente,'WEPH00000000128521
Y3Vyc29yOi0tLTQyMjI1MV9fMTU5NDU5Mzk3MDQ4OA==,422251,Enviado al Cliente,9905,100548699,306933,Solicitud de Devolución Iniciada,508596,CREATED,'WEPH00000000135462
Y3Vyc29yOi0tLTQyMjI1MV9fMTU5NDU5Mzk3MDQ4OA==,422251,Enviado al Cliente,9905,100548699,306933,Solicitud de Devolución Iniciada,508593,Enviado al Cliente,'WEPH00000000135462
Y3Vyc29yOi0tLTQyMjI1MV9fMTU5NDU5Mzk3MDQ4OA==,422251,Enviado al Cliente,9905,100548699,306933,Solicitud de Devolución Iniciada,508591,Enviado al Cliente,'WEPH00000000135462
Y3Vyc29yOi0tLTQyMDU1NF9fMTU5NDU0MDg2NDQ4NQ==,420554,Enviado al Cliente,9900,300547218,306025,Fulfilment en Proceso,561456,Enviado al Cliente,'41095341.1596562454
Y3Vyc29yOi0tLTQyMDQyN19fMTU5NDUzNjQ5MjkzNw==,420427,Enviado al Cliente,9905,300547132,305942,Orden con Cancelacion,409302,Entregado al Cliente,'WEPH00000000127803
Y3Vyc29yOi0tLTQxOTczNV9fMTU5NDUyNjQwNTkyNw==,419735,Enviado al Cliente,9905,300546207,305459,Solicitud de Devolución Iniciada,404496,Entregado al Cliente,'WEPH00000000127047
Y3Vyc29yOi0tLTQxMjM2MV9fMTU5NDQ0NTA0OTI4OQ==,412361,Enviado al Cliente,9905,100379846,196881,Fulfilment en Proceso,395825,Enviado al Cliente,'WEPH00000000126542
Y3Vyc29yOi0tLTQxMTE0OF9fMTU5NDQzNTU2NjQwMQ==,411148,Enviado al Cliente,9905,100537515,299668,Solicitud de Devolución Iniciada,415039,CREATED,'WEPH00000000128394
Y3Vyc29yOi0tLTQxMTE0OF9fMTU5NDQzNTU2NjQwMQ==,411148,Enviado al Cliente,9905,100537515,299668,Solicitud de Devolución Iniciada,415038,Entregado al Cliente,'WEPH00000000128394
Y3Vyc29yOi0tLTQxMTE0OF9fMTU5NDQzNTU2NjQwMQ==,411148,Enviado al Cliente,9905,100537515,299668,Solicitud de Devolución Iniciada,415038,Entregado al Cliente,'WEPH00000000128394
Y3Vyc29yOi0tLTQxMTE0OF9fMTU5NDQzNTU2NjQwMQ==,411148,Enviado al Cliente,9905,100537515,299668,Solicitud de Devolución Iniciada,415037,Entregado al Cliente,'
Y3Vyc29yOi0tLTQwNjY1NF9fMTU5NDQwNTM4Mzc3OA==,406654,Enviado al Cliente,9905,100533521,296815,Entregado Parcial,428694,Entregado al Cliente,'WEPH00000000129398
Y3Vyc29yOi0tLTQwNjMyMF9fMTU5NDQwMzUwODkxNQ==,406320,Enviado al Cliente,9905,200533129,296616,Fulfilment en Proceso,391435,Enviado al Cliente,'WEPH00000000126025
Y3Vyc29yOi0tLTQwNjMyMF9fMTU5NDQwMzUwODkxNQ==,406320,Enviado al Cliente,9905,200533129,296616,Fulfilment en Proceso,391431,Enviado al Cliente,'WEPH00000000126024
Y3Vyc29yOi0tLTQwNTQ2OF9fMTU5NDM5ODY2MjIzOA==,405468,Enviado al Cliente,9905,200532543,296125,Orden con Cancelacion,393288,Enviado al Cliente,'WEPH00000000126188
Y3Vyc29yOi0tLTQwMjgwOV9fMTU5NDM1MzAzNDE4OA==,402809,Enviado al Cliente,9905,300529655,294358,Entregado Parcial,388377,Entregado al Cliente,'WEPH00000000125763
Y3Vyc29yOi0tLTQwMjUzN19fMTU5NDM1MDAxNzk1OA==,402537,Enviado al Cliente,9905,100529379,294158,Fulfilment en Proceso,388807,Enviado al Cliente,'WEPH00000000125803
Y3Vyc29yOi0tLTQwMjMyNl9fMTU5NDM0NzcxMTE4Ng==,402326,Enviado al Cliente,9905,300529093,294003,Entregado Parcial,398532,Entregado al Cliente,'WEPH00000000126773
Y3Vyc29yOi0tLTQwMjMxMl9fMTU5NDM0NzQwNDkwMQ==,402312,Enviado al Cliente,9905,300529081,293990,Fulfilment en Proceso,408400,Enviado al Cliente,'WEPH00000000127684
Y3Vyc29yOi0tLTQwMTg4N19fMTU5NDM0MzEzMDEyNQ==,401887,Enviado al Cliente,9905,200528577,293675,Orden con Cancelacion,393399,Enviado al Cliente,'WEPH00000000126199
Y3Vyc29yOi0tLTQwMTcxM19fMTU5NDM0MTgzODgyMQ==,401713,Enviado al Cliente,9905,100528401,293559,Solicitud de Devolución Iniciada,388621,Entregado al Cliente,'WEPH00000000125789
Y3Vyc29yOi0tLTQwMTQ5MV9fMTU5NDMzOTk5NDkyNA==,401491,Enviado al Cliente,9905,200528195,293415,Fulfilment en Proceso,393045,Enviado al Cliente,'WEPH00000000126158
Y3Vyc29yOi0tLTQwMTM5MF9fMTU5NDMzOTIwNTY5NQ==,401390,Enviado al Cliente,9905,300528145,293347,Fulfilment en Proceso,388539,Enviado al Cliente,'WEPH00000000125778
Y3Vyc29yOi0tLTQwMDc5OF9fMTU5NDMzNDcxNzE3Mg==,400798,Enviado al Cliente,9905,200527410,292938,Fulfilment en Proceso,391372,Enviado al Cliente,'WEPH00000000126013
Y3Vyc29yOi0tLTQwMDc3MF9fMTU5NDMzNDU4MzY4Mw==,400770,Enviado al Cliente,9905,200527396,292922,Fulfilment en Proceso,389415,Enviado al Cliente,'WEPH00000000125855
Y3Vyc29yOi0tLTQwMDc1Nl9fMTU5NDMzNDQ4MzgwOA==,400756,Enviado al Cliente,9905,200527485,292914,Fulfilment en Proceso,393091,Enviado al Cliente,'WEPH00000000126160
Y3Vyc29yOi0tLTQwMDM5N19fMTU5NDMzMjMzNTQ1NQ==,400397,Enviado al Cliente,9905,100527168,292744,Asignado,532297,CREATED,'WEPH00000000137267
Y3Vyc29yOi0tLTQwMDM5N19fMTU5NDMzMjMzNTQ1NQ==,400397,Enviado al Cliente,9905,100527168,292744,Asignado,532297,CREATED,'WEPH00000000137267
Y3Vyc29yOi0tLTQwMDM5N19fMTU5NDMzMjMzNTQ1NQ==,400397,Enviado al Cliente,9905,100527168,292744,Asignado,532294,CREATED,'WEPH00000000137267
Y3Vyc29yOi0tLTQwMDM5N19fMTU5NDMzMjMzNTQ1NQ==,400397,Enviado al Cliente,9905,100527168,292744,Asignado,532293,CREATED,'
Y3Vyc29yOi0tLTM5OTQ0Nl9fMTU5NDMyNDkyNDQ3NA==,399446,Enviado al Cliente,9900,300526348,292167,Fulfilment en Proceso,417956,Enviado al Cliente,'40136486.1594837361
Y3Vyc29yOi0tLTM5NzUzM19fMTU5NDMxMTc1ODQwMQ==,397533,Enviado al Cliente,9905,200524485,290889,Fulfilment en Proceso,388958,Enviado al Cliente,'WEPH00000000125816
Y3Vyc29yOi0tLTM5NTU3OF9fMTU5NDI2Mzk3NzI2OA==,395578,Enviado al Cliente,9905,300522567,289741,Fulfilment en Proceso,399043,CREATED,'WEPH00000000126810
Y3Vyc29yOi0tLTM5NTU3OF9fMTU5NDI2Mzk3NzI2OA==,395578,Enviado al Cliente,9905,300522567,289741,Fulfilment en Proceso,399040,CREATED,'WEPH00000000126810
Y3Vyc29yOi0tLTM5NTU3OF9fMTU5NDI2Mzk3NzI2OA==,395578,Enviado al Cliente,9905,300522567,289741,Fulfilment en Proceso,399039,Enviado al Cliente,'WEPH00000000126810
Y3Vyc29yOi0tLTM5NDUzNl9fMTU5NDI1Mzc3MTA3OA==,394536,Enviado al Cliente,9905,300521328,289023,Solicitud de Devolución Iniciada,386353,Enviado al Cliente,'WEPH00000000125485
Y3Vyc29yOi0tLTM4OTg3MV9fMTU5NDI0Mzg2NjM1OQ==,389871,Enviado al Cliente,9905,100520217,288272,Fulfilment en Proceso,383157,Confirmacion de Surtido CECOM,'WEPH00000000125205
Y3Vyc29yOi0tLTM4ODI0OV9fMTU5NDIzMDY1MDkwOA==,388249,Enviado al Cliente,9905,300518685,287234,Solicitud de Devolución Iniciada,389296,Enviado al Cliente,'WEPH00000000125845
Y3Vyc29yOi0tLTM4NjM2MF9fMTU5NDE4NjI2Nzc1Mg==,386360,Enviado al Cliente,9905,300516508,285947,Fulfilment en Proceso,379407,Enviado al Cliente,'WEPH00000000124672
Y3Vyc29yOi0tLTM4NDE3MV9fMTU5NDE2NjYwMDEyMA==,384171,Enviado al Cliente,9905,200514269,284438,Entregado Parcial,393438,Entregado al Cliente,'WEPH00000000126213
Y3Vyc29yOi0tLTM4NDE3MV9fMTU5NDE2NjYwMDEyMA==,384171,Enviado al Cliente,9905,200514269,284438,Entregado Parcial,393437,Entregado al Cliente,'WEPH00000000126213
Y3Vyc29yOi0tLTM4MTg2MV9fMTU5NDE0ODcwMDU3MA==,381861,Enviado al Cliente,9905,100512119,283092,Solicitud de Devolución Iniciada,450887,CREATED,'WEPH00000000131551
Y3Vyc29yOi0tLTM4MTg2MV9fMTU5NDE0ODcwMDU3MA==,381861,Enviado al Cliente,9905,100512119,283092,Solicitud de Devolución Iniciada,450886,CREATED,'WEPH00000000131551
Y3Vyc29yOi0tLTM4MTg2MV9fMTU5NDE0ODcwMDU3MA==,381861,Enviado al Cliente,9905,100512119,283092,Solicitud de Devolución Iniciada,450884,CREATED,'WEPH00000000131551
Y3Vyc29yOi0tLTM4MTg2MV9fMTU5NDE0ODcwMDU3MA==,381861,Enviado al Cliente,9905,100512119,283092,Solicitud de Devolución Iniciada,450876,Confirmacion de Surtido CECOM,'WEPH00000000131551
Y3Vyc29yOi0tLTM4MTg2MV9fMTU5NDE0ODcwMDU3MA==,381861,Enviado al Cliente,9905,100512119,283092,Solicitud de Devolución Iniciada,450876,Confirmacion de Surtido CECOM,'WEPH00000000131551
Y3Vyc29yOi0tLTM4MTg2MV9fMTU5NDE0ODcwMDU3MA==,381861,Enviado al Cliente,9905,100512119,283092,Solicitud de Devolución Iniciada,450875,Confirmacion de Surtido CECOM,'WEPH00000000131551
Y3Vyc29yOi0tLTM4MTg2MV9fMTU5NDE0ODcwMDU3MA==,381861,Enviado al Cliente,9905,100512119,283092,Solicitud de Devolución Iniciada,450874,Confirmacion de Surtido CECOM,'
Y3Vyc29yOi0tLTM3ODc3NF9fMTU5NDA5NDE1MzM5Mw==,378774,Enviado al Cliente,9900,100509256,281311,Fulfilment con Cancelacion,393151,Enviado al Cliente,'41028469.1594425451
Y3Vyc29yOi0tLTM3NjE4NV9fMTU5NDA3MjI1NjI1Mg==,376185,Enviado al Cliente,9905,100506699,279732,Fulfilment en Proceso,380892,Enviado al Cliente,'WEPH00000000124858
Y3Vyc29yOi0tLTM3NDQ5Nl9fMTU5NDA1OTc5NzgyMA==,374496,Enviado al Cliente,9905,300505329,278822,Entregado Parcial,384459,Entregado al Cliente,'WEPH00000000125428
Y3Vyc29yOi0tLTM3MjY2MV9fMTU5NDAxNjE2NTcxOQ==,372661,Enviado al Cliente,9905,100503419,277672,Solicitud de Devolución Iniciada,381941,Entregado al Cliente,'WEPH00000000125006
Y3Vyc29yOi0tLTM3MTA0OF9fMTU5NDAwMDExODY1Ng==,371048,Enviado al Cliente,1001,300501605,276503,Solicitud de Devolución Iniciada,385247,Enviado al Cliente,'
Y3Vyc29yOi0tLTM2OTc1Ml9fMTU5Mzk5MDA3MTk4NA==,369752,Enviado al Cliente,9905,300500271,275597,Fulfilment en Proceso,376792,Enviado al Cliente,'WEPH00000000124397
Y3Vyc29yOi0tLTM1ODc4Ml9fMTU5Mzg3NzA0OTIyOQ==,358782,Enviado al Cliente,9905,100489681,268373,Fulfilment en Proceso,358438,CREATED,'WEPH00000000123290
Y3Vyc29yOi0tLTM1NTI4M19fMTU5MzgyMTE5NjM1OQ==,355283,Enviado al Cliente,9905,200485643,265784,Fulfilment en Proceso,359891,Enviado al Cliente,'WEPH00000000123367
Y3Vyc29yOi0tLTM0OTM1NV9fMTU5Mzc0NDA0MTI5MQ==,349355,Enviado al Cliente,9905,100478432,261510,Fulfilment en Proceso,347358,CREATED,'WEPH00000000122597
Y3Vyc29yOi0tLTM0OTM1NV9fMTU5Mzc0NDA0MTI5MQ==,349355,Enviado al Cliente,9905,100478432,261510,Fulfilment en Proceso,347357,Enviado al Cliente,'WEPH00000000122597
Y3Vyc29yOi0tLTM0ODY5MV9fMTU5MzczNzgwNjAwMQ==,348691,Enviado al Cliente,9905,200477879,261058,Solicitud de Devolución Iniciada,345147,Enviado al Cliente,'WEPH00000000122432
Y3Vyc29yOi0tLTM0ODU1N19fMTU5MzczNjM2MDM1Mw==,348557,Enviado al Cliente,9900,300477591,260959,Fulfilment en Proceso,575409,Enviado al Cliente,'40283497.1596740425
Y3Vyc29yOi0tLTM0NTQ4M19fMTU5MzcxNDMxNTAxNQ==,345483,Enviado al Cliente,9905,100474976,259182,Fulfilment en Proceso,347925,Enviado al Cliente,'WEPH00000000122645
Y3Vyc29yOi0tLTM0MjQwNV9fMTU5MzY2MDI3NDQ1MQ==,342405,Enviado al Cliente,9905,100472033,257425,Fulfilment en Proceso,340371,Enviado al Cliente,'WEPH00000000122071
Y3Vyc29yOi0tLTM0MTY4MF9fMTU5MzY1MzE1MDM0MA==,341680,Enviado al Cliente,9905,300471234,256877,Fulfilment en Proceso,359845,Enviado al Cliente,'WEPH00000000123351
Y3Vyc29yOi0tLTMzNjk3MV9fMTU5MzYzMDU0MTUxMg==,336971,Enviado al Cliente,9905,100468415,255105,Cancelado,337108,Enviado al Cliente,'WEPH00000000121803
Y3Vyc29yOi0tLTMzMDgyMV9fMTU5MzU3ODk2MDg2MQ==,330821,Enviado al Cliente,9900,300232427,104844,Asignado,348354,Enviado al Cliente,'38948926.1593803824
